<application>
  <component name="ProjectManager">
    <defaultProject>
      <component name="RunDashboard">
        <option name="ruleStates">
          <list>
            <RuleState>
              <option name="name" value="ConfigurationTypeDashboardGroupingRule" />
            </RuleState>
            <RuleState>
              <option name="name" value="StatusDashboardGroupingRule" />
            </RuleState>
          </list>
        </option>
      </component>
      <component name="RunManager">
        <configuration default="true" type="PythonConfigurationType" factoryName="Python">
          <option name="INTERPRETER_OPTIONS" value="" />
          <option name="PARENT_ENVS" value="true" />
          <envs>
            <env name="PYTHONUNBUFFERED" value="1" />
          </envs>
          <option name="SDK_HOME" value="" />
          <option name="WORKING_DIRECTORY" value="" />
          <option name="IS_MODULE_SDK" value="true" />
          <option name="ADD_CONTENT_ROOTS" value="true" />
          <option name="ADD_SOURCE_ROOTS" value="true" />
          <module name="" />
          <option name="SCRIPT_NAME" value="" />
          <option name="PARAMETERS" value="" />
          <option name="SHOW_COMMAND_LINE" value="true" />
          <option name="EMULATE_TERMINAL" value="false" />
          <option name="MODULE_MODE" value="false" />
          <option name="REDIRECT_INPUT" value="false" />
          <option name="INPUT_FILE" value="" />
          <method v="2" />
        </configuration>
      </component>
    </defaultProject>
  </component>
</application>